{
  "Claude_Code": {
    "coverage_purpose": {
      "min": 1.0,
      "max": 5.0,
      "q25": 4.0,
      "median": 5.0,
      "q75": 5.0,
      "mean": 4.545833333333333,
      "std": 0.8560953834448329,
      "count": 1200
    },
    "coverage_changes": {
      "min": 1.0,
      "max": 5.0,
      "q25": 4.0,
      "median": 5.0,
      "q75": 5.0,
      "mean": 4.416666666666667,
      "std": 0.7765665171481163,
      "count": 1200
    },
    "rationale_clarity": {
      "min": 1.0,
      "max": 5.0,
      "q25": 3.0,
      "median": 4.0,
      "q75": 4.0,
      "mean": 3.7775,
      "std": 0.9572497497170388,
      "count": 1200
    },
    "commit_coverage": {
      "min": 1.0,
      "max": 5.0,
      "q25": 4.0,
      "median": 4.0,
      "q75": 5.0,
      "mean": 4.0975,
      "std": 0.8914372757893102,
      "count": 1200
    },
    "testing_guidance": {
      "min": 1.0,
      "max": 5.0,
      "q25": 3.0,
      "median": 3.0,
      "q75": 4.0,
      "mean": 3.2091666666666665,
      "std": 1.235751851663144,
      "count": 1200
    },
    "readability": {
      "min": 1.0,
      "max": 5.0,
      "q25": 4.0,
      "median": 5.0,
      "q75": 5.0,
      "mean": 4.6125,
      "std": 0.6969053618199055,
      "count": 1200
    }
  },
  "Copilot": {
    "coverage_purpose": {
      "min": 1.0,
      "max": 5.0,
      "q25": 5.0,
      "median": 5.0,
      "q75": 5.0,
      "mean": 4.735833333333333,
      "std": 0.5739186692283924,
      "count": 1200
    },
    "coverage_changes": {
      "min": 1.0,
      "max": 5.0,
      "q25": 4.0,
      "median": 5.0,
      "q75": 5.0,
      "mean": 4.560833333333333,
      "std": 0.830441231448011,
      "count": 1200
    },
    "rationale_clarity": {
      "min": 1.0,
      "max": 5.0,
      "q25": 4.0,
      "median": 4.0,
      "q75": 5.0,
      "mean": 4.160833333333334,
      "std": 0.8113564602291372,
      "count": 1200
    },
    "commit_coverage": {
      "min": 1.0,
      "max": 5.0,
      "q25": 3.0,
      "median": 4.0,
      "q75": 4.0,
      "mean": 3.6216666666666666,
      "std": 0.9679172944466324,
      "count": 1200
    },
    "testing_guidance": {
      "min": 1.0,
      "max": 5.0,
      "q25": 3.0,
      "median": 3.0,
      "q75": 4.0,
      "mean": 3.1433333333333335,
      "std": 1.2279205547953373,
      "count": 1200
    },
    "readability": {
      "min": 2.0,
      "max": 5.0,
      "q25": 4.0,
      "median": 5.0,
      "q75": 5.0,
      "mean": 4.655833333333334,
      "std": 0.5234971877245909,
      "count": 1200
    }
  },
  "Cursor": {
    "coverage_purpose": {
      "min": 1.0,
      "max": 5.0,
      "q25": 3.0,
      "median": 4.0,
      "q75": 5.0,
      "mean": 3.7716666666666665,
      "std": 1.308764260242802,
      "count": 1200
    },
    "coverage_changes": {
      "min": 1.0,
      "max": 5.0,
      "q25": 3.0,
      "median": 4.0,
      "q75": 4.0,
      "mean": 3.6366666666666667,
      "std": 1.0922403072991258,
      "count": 1200
    },
    "rationale_clarity": {
      "min": 1.0,
      "max": 5.0,
      "q25": 2.0,
      "median": 3.0,
      "q75": 4.0,
      "mean": 3.0075,
      "std": 1.2446326432593138,
      "count": 1200
    },
    "commit_coverage": {
      "min": 1.0,
      "max": 5.0,
      "q25": 3.0,
      "median": 4.0,
      "q75": 4.0,
      "mean": 3.6308333333333334,
      "std": 1.006420706707135,
      "count": 1200
    },
    "testing_guidance": {
      "min": 1.0,
      "max": 5.0,
      "q25": 1.0,
      "median": 1.0,
      "q75": 3.0,
      "mean": 2.0025,
      "std": 1.2168923877374422,
      "count": 1200
    },
    "readability": {
      "min": 1.0,
      "max": 5.0,
      "q25": 4.0,
      "median": 4.0,
      "q75": 5.0,
      "mean": 3.930833333333333,
      "std": 1.13770938243863,
      "count": 1200
    }
  },
  "Devin": {
    "coverage_purpose": {
      "min": 1.0,
      "max": 5.0,
      "q25": 4.0,
      "median": 5.0,
      "q75": 5.0,
      "mean": 4.365833333333334,
      "std": 0.8298590074357345,
      "count": 1200
    },
    "coverage_changes": {
      "min": 1.0,
      "max": 5.0,
      "q25": 4.0,
      "median": 4.0,
      "q75": 5.0,
      "mean": 4.155833333333334,
      "std": 0.8009677306580807,
      "count": 1200
    },
    "rationale_clarity": {
      "min": 1.0,
      "max": 5.0,
      "q25": 3.0,
      "median": 4.0,
      "q75": 4.0,
      "mean": 3.5416666666666665,
      "std": 0.9634645239389402,
      "count": 1200
    },
    "commit_coverage": {
      "min": 1.0,
      "max": 5.0,
      "q25": 4.0,
      "median": 4.0,
      "q75": 4.0,
      "mean": 3.9166666666666665,
      "std": 0.8394773506308685,
      "count": 1200
    },
    "testing_guidance": {
      "min": 1.0,
      "max": 5.0,
      "q25": 2.0,
      "median": 3.0,
      "q75": 4.0,
      "mean": 3.006666666666667,
      "std": 1.2635751747411874,
      "count": 1200
    },
    "readability": {
      "min": 1.0,
      "max": 5.0,
      "q25": 4.0,
      "median": 5.0,
      "q75": 5.0,
      "mean": 4.483333333333333,
      "std": 0.6107827400602899,
      "count": 1200
    }
  },
  "OpenAI_Codex": {
    "coverage_purpose": {
      "min": 1.0,
      "max": 5.0,
      "q25": 3.0,
      "median": 4.0,
      "q75": 4.0,
      "mean": 3.3975,
      "std": 0.8521504659780846,
      "count": 1200
    },
    "coverage_changes": {
      "min": 1.0,
      "max": 5.0,
      "q25": 3.0,
      "median": 4.0,
      "q75": 4.0,
      "mean": 3.6325,
      "std": 0.7296874330835087,
      "count": 1200
    },
    "rationale_clarity": {
      "min": 1.0,
      "max": 5.0,
      "q25": 2.0,
      "median": 3.0,
      "q75": 3.0,
      "mean": 2.4058333333333333,
      "std": 0.8894563726731565,
      "count": 1200
    },
    "commit_coverage": {
      "min": 1.0,
      "max": 5.0,
      "q25": 4.0,
      "median": 4.0,
      "q75": 4.0,
      "mean": 3.8333333333333335,
      "std": 0.7027722880769337,
      "count": 1200
    },
    "testing_guidance": {
      "min": 1.0,
      "max": 5.0,
      "q25": 3.0,
      "median": 3.0,
      "q75": 4.0,
      "mean": 3.2733333333333334,
      "std": 0.9514667040358735,
      "count": 1200
    },
    "readability": {
      "min": 1.0,
      "max": 5.0,
      "q25": 4.0,
      "median": 4.0,
      "q75": 4.0,
      "mean": 3.921666666666667,
      "std": 0.4853149034962306,
      "count": 1200
    }
  }
}